tytuł,link,zdjęcie
"""SW"": Kaczyński traci kontrolę nad partią. Tajne rozmowy Morawieckiego z koalicjantami Tuska",https://wiadomosci.onet.pl/tylko-w-onecie/kulisy-burzliwej-narady-w-pis-kaczynski-nie-moze-tego-puscic-plazem/5nh2f4k#pco,https://img.onet.pl/1/uu1k9lBaHR0cHM6Ly9vY2RuLmV1L3B1bHNjbXMvTURBXy82MzMzNmU5NDFlYWQzYzJmYzUzMTU5OWE2NDkzMWI3ZS5qcGeTlQMAJc0H0M0EaJMFzQTYzQI0lQfZMi9wdWxzY21zL01EQV8vMjc0YzFkNjQ2NzA4MmMzZTZkZmU5ZDA5ZjRhNmRmNmIucG5nAMIA3gACoTAHoTEE
"Szykują się zmiany w leczeniu cholesterolu. ""Trzeba o tym głośno mówić""","https://www.medonet.pl/choroby-od-a-do-z/choroby-ukladu-krazenia,jak-leczyc-wysoki-cholesterol--w-polsce-beda-zmiany--lekarz--wprowadzamy-jako-pierwsi-na-swiecie,artykul,71111905.html",https://img.onet.pl/1/enlk9lBaHR0cHM6Ly9vY2RuLmV1L3B1bHNjbXMvTURBXy9mZDQxZmM0NjkxYjMzMjRlNjI0NDgwMDcyNDdmNzEwYy5qcGeRkwXNAljNAVDeAAKhMAehMQQ
"Zapytali, czy prezydent wesprze WOŚP. Taką dostali odpowiedź",https://wiadomosci.onet.pl/kraj/zapytali-czy-prezydent-karol-nawrocki-wesprze-wosp-taka-dostali-odpowiedz/9vk33e3,https://img.onet.pl/1/eCxk9lBaHR0cHM6Ly9vY2RuLmV1L3B1bHNjbXMvTURBXy81YjUyMTY3NjRmODU4NGQ3OWM5ZTg1MWRkNTgzMWI2ZC5wbmeRkwXNAljNAVDeAAKhMAehMQQ
"Szokujące zachowanie turystów w Tatrach. ""Nazywajmy wreszcie rzeczy po imieniu""","https://www.onet.pl/turystyka/onetpodroze/szokujace-zachowanie-turystow-w-tatrach-tego-sie-juz-nie-wyleczy-wideo/rh466k4,07640b54",https://img.onet.pl/1/Xrvk9lBaHR0cHM6Ly9vY2RuLmV1L3B1bHNjbXMvTURBXy80YjRjOWMyMWIwZmYzYTJlNjkwMTZlYzdhNmZlNjMyZi5qcGeSlQMARM0H0M0EaJMFzQJYzQFQ3gACoTAHoTEE
"Pokazali pięć minut prologu i już są zachwyty. ""Film stulecia""","https://www.onet.pl/film/onetfilm/christopher-nolan-zachwyca-prologiem-nowego-filmu-film-stulecia/8lqrtnx,681c1dfa",https://img.onet.pl/1/kuVk9lBaHR0cHM6Ly9vY2RuLmV1L3B1bHNjbXMvTURBXy8yYWI1YmNmMWJkMmQ3ODM1ODQ1ZDU1MDEyNWQ3MzUxOC5qcGeRkwXNAljNAVDeAAKhMAehMQQ
Sikorski zareagował na burzę wokół MiG-ów. Zwrócił się do Andrzeja Dudy,https://wiadomosci.onet.pl/kraj/sikorski-zareagowal-na-burze-wokol-mig-29-zwrocil-sie-do-dudy/kgremp5,https://img.onet.pl/1/8lfk9lBaHR0cHM6Ly9vY2RuLmV1L3B1bHNjbXMvTURBXy9lZDZmZTFmMWY3MDFkN2M1ZTA2OTAyZGIwY2NlM2RhNi5qcGeSlQMAAM0fRs0RpJMFzL523gACoTAHoTEE
"Dziesięć pierogów od górali. ""Popłynęli z cenami na święta""",https://www.fakt.pl/pieniadze/dziesiec-pierogow-od-gorali-poplyneli-z-cenami-na-swieta/yvlg0v0,https://img.onet.pl/1/yUjk9lGaHR0cHM6Ly9vY2RuLmV1L3B1bHNjbXMvTURBXy9kNDE4MTRjZC0xYWRlLTRlZDgtYWZiOC1mMDA1M2FjYTA0MjkuanBlZ5GTBcy-dt4AAqEwB6ExBA
"Zignorowały ostrzeżenia, konstrukcja nie wytrzymała. Nagranie z Gdańska","https://www.onet.pl/turystyka/onetpodroze/robily-sobie-zdjecia-nagle-zalamala-sie-konstrukcja-na-pomoc-ruszyli-przechodnie/364djet,07640b54",https://img.onet.pl/1/LWhk9lBaHR0cHM6Ly9vY2RuLmV1L3B1bHNjbXMvTURBXy83MTc5ODU3YjRiZmI1NjUxYmM0NDMyZjBlNGU5ZjYwYS5qcGeSlQMAAM0Er80CpJMFzL523gACoTAHoTEE
Czas zatrzymał się tu w 1990 r. Oto co znalazłem w opuszczonym domu,"https://www.onet.pl/turystyka/szaryburekpl/opuszczony-dom-jak-muzeum-prl-u-niezwykle-odkrycie-podczas-spaceru-po-wsi/n9tfg29,30bc1058",https://img.onet.pl/1/gfSk9lGaHR0cHM6Ly9vY2RuLmV1L3B1bHNjbXMvTURBXy83MmYyMjlkNy1jMDE0LTRkOTgtYWZiOC1jMjU0NmQ4YmE5ZjMuanBlZ5KVAx8AzQQ7zQJjkwXMvnbeAAKhMAehMQQ
"Ross napisał do byłej żony SMS przed śmiercią. ""Straszne obciążenie""","https://www.onet.pl/styl-zycia/plejada/tadeusz-ross-zenil-sie-piec-razy-malgorzata-potocka-byla-mu-szczegolnie-bliska/5p9gx9w,0898b825",https://img.onet.pl/1/arak9lBaHR0cHM6Ly9vY2RuLmV1L3B1bHNjbXMvTURBXy9iMDRkYjdhMjlmYWM1Y2I4OWQ1ZTA3ZGZhNjUzNDAyOS5wbmeRkwXMvnbeAAKhMAehMQQ
"Wideo z dziećmi Szczęsnych robi furorę. ""Liam zauważył prezent""",https://przegladsportowy.onet.pl/ofsajd/nagranie-z-dziecmi-szczesnych-robi-furore-internauci-zwrocili-uwage-na-jedno/6vf9rqr,https://img.onet.pl/1/2bwk9lBaHR0cHM6Ly9vY2RuLmV1L3B1bHNjbXMvTURBXy9kMzE1NDk1MDA4Y2E2NjZhYzM2ZjZhZjRkZDBjOWExNy5qcGeSlQPNAVwIzQYQzQNrkwXMvnbeAAKhMAehMQQ
"Groźby, rozboje, pobicia. Turecka mafia terroryzuje stolicę Niemiec",https://wiadomosci.onet.pl/swiat/grozby-rozboje-pobicia-berlin-wpadl-w-sidla-tureckiej-mafii/5y26wqs,https://img.onet.pl/1/zXek9lBaHR0cHM6Ly9vY2RuLmV1L3B1bHNjbXMvTURBXy9mNGEzMTg2NTAzNGZmYzU4YTY2ODFhODhjNzIxNmU5Ni5qcGeRkwXMvnbeAAKhMAehMQQ
"To prawo zniszczyło życie setkom Polaków. ""Dostał pomieszania zmysłów""",https://www.newsweek.pl/historia/ta-reforma-wstrzasnela-polska-od-razu-zrozumialam-ze-czyni-mnie-bankrutem/y7l938x,https://img.onet.pl/1/FCSk9lGaHR0cHM6Ly9vY2RuLmV1L3B1bHNjbXMvTURBXy8wZDYzNDc4Mi05M2RhLTQ1OTEtYWM3NS1lMGNmMTM4MzRhNjIuanBlZ5GTBc0CWM0BUN4AAqEwB6ExBA
Prawda o prawie pierwszej nocy. Tak kochała się polska wieś,"https://www.onet.pl/informacje/newsweek/tak-kochala-sie-polska-wies-prawda-i-mity-o-zyciu-intymnym-chlopow-w-dawnej-polsce/rewcwhf,452ad802",https://img.onet.pl/1/Nmdk9lGaHR0cHM6Ly9vY2RuLmV1L3B1bHNjbXMvTURBXy85NTgzMTdmZC02YmU3LTQ0Y2QtYTkyZC04YWNlNTdjYTczMWMuanBlZ5GTBc0CWM0BUN4AAqEwB6ExBA
Ameryka była dumna z tego miasta. Dziś uciekają z niego wszyscy,"https://www.onet.pl/styl-zycia/kbpl-2/od-fabryk-samochodow-do-fabryk-narkotykow-brutalna-metamorfoza-detroit/xnkv5vl,0666d3f1",https://img.onet.pl/1/Mm3k9lGaHR0cHM6Ly9vY2RuLmV1L3B1bHNjbXMvTURBXy9lZjE4MGNiZi03ODFjLTRjMTktODc2Zi1mMzZlNjVjNjRlNTcuanBlZ5KVA80BDnrNA4XNAfqTBc0CWM0BUN4AAqEwB6ExBA
"""7. Dzień Tygodnia w Radiu ZET"". Zaprasza Andrzej Stankiewicz","https://www.onet.pl/styl-zycia/kbpl-2/od-fabryk-samochodow-do-fabryk-narkotykow-brutalna-metamorfoza-detroit/xnkv5vl,0666d3f1",https://img.onet.pl/1/PKjk9lBaHR0cHM6Ly9vY2RuLmV1L3B1bHNjbXMvTURBXy82OWI4OTkxYzE5MzdmMzU3NTBiODdjNWUxNjlhZDcwYy5wbmeRkwXNA5zNAgreAAKhMAehMQQ
Eurowizja Junior 2025. Lawina komentarzy po występie Polki,"https://www.onet.pl/styl-zycia/plejada/eurowizja-junior-2025-lawina-komentarzy-po-wystepie-polki-widzowie-wydali-werdykt/ydhbqmk,0898b825",https://img.onet.pl/1/OYsk9lBaHR0cHM6Ly9vY2RuLmV1L3B1bHNjbXMvTURBXy84MmRkNDBmZWE4ZWNiMjNiNGE3ZjlkYmQyMTBkOGYwNC5qcGeSlQMAzM3NB9DNBGiTBc0CWM0BUN4AAqEwB6ExBA
"W Kijowie mówi się, że Zełenski jest zniechęcony. Kryzys polityczny ",https://www.newsweek.pl/swiat/protesty-w-kijowie-i-zmiany-w-rzadzie-zelenski-nigdy-wczesniej-nie-byl-poddany-takiej/6kb6twq,https://img.onet.pl/1/SiDk9lBaHR0cHM6Ly9vY2RuLmV1L3B1bHNjbXMvTURBXy8yY2VlYjRmNzAzMzZlZWYyNDBkODEzMmM2NGMzOWFiYy5qcGeSlQPNApTNAjrNFNzNC8STBc0CWM0BUN4AAqEwB6ExBA
Najczęstsze choroby zamiokulkasa zamiolistnego. Jak je rozpoznać?,"https://www.onet.pl/styl-zycia/fajnyogrod/najczestsze-choroby-zamiokulkasa-zamiolistnego-jak-je-rozpoznac/lmfeqdh,30bc1058",https://img.onet.pl/1/Ed4k9lGaHR0cHM6Ly9vY2RuLmV1L3B1bHNjbXMvTURBXy9lNjNlMzU1Yi0wYjA0LTRiMmYtODMyOS0wMWY1YzA0NzA1MzkuanBlZ5KVAwAwzQPozQI0kwXNAljNAVDeAAKhMAehMQQ
Kolejny odcinek nowej drogi ekspresowej otwarty. Kierowcy już jadą,https://www.auto-swiat.pl/wiadomosci/aktualnosci/droga-s74-kiedy-bedzie-gotowa-prezent-od-gddkia-otworzyli-kluczowy-odcinek/6h5gg7f,https://img.onet.pl/1/0Pyk9lBaHR0cHM6Ly9vY2RuLmV1L3B1bHNjbXMvTURBXy9lMzcyNzk2MGUxMTU5NDU1YTcxZDk2NTg3NmM4ODkxNC5qcGeSlQMAJc0HgM0EOJMFzQJYzQFQ3gACoTAHoTEE
Damięcka opublikowała poruszającą grafikę. Oddała hołd Umer,"https://www.onet.pl/styl-zycia/plejada/matylda-damiecka-opublikowala-poruszajaca-grafike-oddala-hold-magdzie-umer/ehr3cqp,0898b825",https://img.onet.pl/1/g_fk9lBaHR0cHM6Ly9vY2RuLmV1L3B1bHNjbXMvTURBXy8yODY3NDc3ZmI1YjUzYjVmZTk0YWI2MTBhMDA2ZTE0OC5wbmeSlQMAAM0HgM0EOJMFzQJYzQFQ3gACoTAHoTEE
"Nazwiska 185 Polaków na cmentarnych tablicach. ""Godnie upamiętnieni""","https://www.onet.pl/informacje/deutsche-welle/haffkrug-upamietniono-185-polakow-ktorzy-zgineli-w-ii-wojnie-swiatowej/hyd1kgn,0666d3f1",https://img.onet.pl/1/2Lnk9lGaHR0cHM6Ly9vY2RuLmV1L3B1bHNjbXMvTURBXy9jZGQ2ZjQ4NS02NzYxLTQzMTItYmNlMy04MDYyZjg0MmQzNWMuanBlZ5KVAwAAzQeAzQQ4kwXNAljNAVDeAAKhMAehMQQ
Magda Umer nie żyje. Jej słowa o bezradności zostają na długo,https://ludzie.fakt.pl/magda-umer-nie-zyje-jej-slowa-o-bezradnosci-zostaja-na-dlugo/b2ptsgv,https://img.onet.pl/1/1V8k9lGaHR0cHM6Ly9vY2RuLmV1L3B1bHNjbXMvTURBXy9jMmY0MzZjNS1jMmZlLTQ3MWYtODUyNS1lZDUxYjViNTg3N2QuanBlZ5KVAwA3zQoAzQWgkwXNAljNAVDeAAKhMAehMQQ
"""Siostra roztrwoniła już pół majątku, a dalej wyciąga rękę po pieniądze""","https://www.onet.pl/styl-zycia/kobietaxl/siostra-roztrwonila-juz-pol-majatku-a-dalej-wyciaga-reke-po-pieniadze/sxe2qs1,30bc1058",https://img.onet.pl/1/dlAk9lBaHR0cHM6Ly9vY2RuLmV1L3B1bHNjbXMvTURBXy9lMTgwYmJiNTA1NzhjNzRkOTU0OWZjZDhhOWQxNTQ4Yi5qcGeSlQMAzOjNGYLNDlqTBc0CWM0BUN4AAqEwB6ExBA
Kancelaria Premiera zablokowała wypłatę dla Pawłowicz. Oto kwota,https://www.fakt.pl/pieniadze/kancelaria-premiera-ujawnia-ile-pieniedzy-miala-dostac-krystyna-pawlowicz-wniosek/x8yd5xb,https://img.onet.pl/1/0Khk9lGaHR0cHM6Ly9vY2RuLmV1L3B1bHNjbXMvTURBXy9iNWI5OWE3MS0zZmEwLTRiOTItYmM5Ni00NjU5Nzg5NTRjYzIuanBlZ5KVAwAAzQgAzQSAkwXNAljNAVDeAAKhMAehMQQ
Sprawdź swój zasób słów. Ile wyrazów ułożysz?,https://www.onet.pl/gry/pl/wyzwanie-lexi,https://img.onet.pl/1/ZdSk9lBaHR0cHM6Ly9vY2RuLmV1L3B1bHNjbXMvTURBXy9kZmQ4ODNlZWIyYmM5MGUyM2Y3YzVlZDk4MTM0OTU3OC5wbmeSlQMAAM0EsM0CdpMFZGTeAAKhMAehMQQ
Większość widzi tylko pięć różnic - pobijesz to?,https://www.onet.pl/gry/pl/osiem-roznic,https://img.onet.pl/1/bM-k9lBaHR0cHM6Ly9vY2RuLmV1L3B1bHNjbXMvTURBXy85M2MzYzAxOTA2YTM3ZTJjMTZjM2MwYTlhNzhmYTBmMy5wbmeSlQPMr0nNAyXNAfKTBWRk3gACoTAHoTEE
Spór Nawrockiego z Tuskiem. Jednoznaczna opinia Polaków [SONDAŻ],https://wiadomosci.onet.pl/kraj/spor-karola-nawrockiego-z-donaldem-tuskiem-jednoznaczna-opinia-polakow-sondaz/rqh8bgf,https://img.onet.pl/1/Baak9lBaHR0cHM6Ly9vY2RuLmV1L3B1bHNjbXMvTURBXy9kOTVkN2I5ZTBkMGQyMjExZmQ4NDMxOGYxZTE1YmVkYS5qcGeRkwXMvnbeAAKhMAehMQQ
"Tusk o ""wielkim exodusie"". Krótki wpis",https://wiadomosci.onet.pl/kraj/donald-tusk-reaguje-na-wielki-polski-exodus-zamiescil-krotki-wpis/xbq8q0e,Nie podano
"TYLKO W ONECIE ""Stan Wyjątkowy"". Burzliwa narada w PiS. Ujawniamy kulisy",https://wiadomosci.onet.pl/tylko-w-onecie/kulisy-burzliwej-narady-w-pis-kaczynski-nie-moze-tego-puscic-plazem/5nh2f4k,Nie podano
Wypadek autokaru w Rzeszowie. Na miejscu karetki i straż pożarna,https://wiadomosci.onet.pl/rzeszow/wypadek-autokaru-w-rzeszowie-na-miejscu-sa-karetki-i-straz-pozarna/d58fme3,Nie podano
Spięcie na linii BBN — Tusk. Chodzi o raport Cenckiewicza,https://wiadomosci.onet.pl/kraj/spiecie-na-linii-bbn-tusk-biuro-przywraca-raport-komisji-slawomira-cenckiewicza/5rvsxhj,Nie podano
w skrócie Kłótnia o MiG-29. Sikorski zwrócił się do Dudy,https://wiadomosci.onet.pl/kraj/sikorski-zareagowal-na-burze-wokol-mig-29-zwrocil-sie-do-dudy/kgremp5,Nie podano
"Obawa przed Chinami. ""W Waszyngtonie panuje panika, co zrobi Trump""",https://wiadomosci.onet.pl/swiat/imperialne-ambicje-chin-co-zrobi-trump-ludzie-rwa-sobie-wlosy-z-glowy/fvpeljd,Nie podano
"Co dalej z Morawieckim? ""O to toczy się gra""",https://wiadomosci.onet.pl/kraj/wojna-frakcji-w-pis-co-dalej-z-mateuszem-morawieckim-prof-chwedoruk-wskazuje-o-to/06bmtw5,Nie podano
Kulisy uwolnienia więźniów. Łukaszenko w ostatniej chwili zmienił plany,https://wiadomosci.onet.pl/swiat/kulisy-uwolnienia-wiezniow-na-bialorusi-lukaszenko-w-ostatniej-chwili-zmienil-plany/7517529,Nie podano
Zaskakujące prognozy pogody na nowy tydzień,https://wiadomosci.onet.pl/pogoda/pogoda-w-nowym-tygodniu-totalnie-stanie-na-glowie-idzie-wielki-antycyklon/8cvp81b,Nie podano
Niemcy wyślą żołnierzy do Polski. Bundeswehra na granicy z Białorusią,https://wiadomosci.onet.pl/swiat/prewencja-zamiast-paniki-niemcy-wzmacniaja-polske-przy-granicy-z-rosja-cel-jest-jasny/f7t7th9,Nie podano
Zełenski: przygotowujemy spotkania z USA i Europą,https://wiadomosci.onet.pl/swiat/zelenski-przygotowujemy-sie-do-spotkania-z-przedstawicielami-usa-i-europy/lwhrfnl,Nie podano
Trump wywraca świat do góry nogami [OPINIA],https://wiadomosci.onet.pl/politico/sojusz-zachodni-sie-skonczyl-trump-wywraca-swiat-do-gory-nogami/rl8btmh,Nie podano
"Wojna w NBP. Wiemy, jak Glapiński chce się dogadać z rządem Tuska",https://wiadomosci.onet.pl/tylko-w-onecie/kulisy-burzliwej-narady-w-pis-kaczynski-nie-moze-tego-puscic-plazem/5nh2f4k,Nie podano
"Amerykański generał ostro o nowej strategii Trumpa. ""Zdrada""",https://wiadomosci.onet.pl/swiat/trump-chce-wbic-klin-miedzy-kraje-europy-amerykanski-general-ostrzega-zdrada/byq6k7k,Nie podano
"Kulisy awantury o MiG-i. ""Oficjalna wojna między Przydaczem a Cenckiewiczem""",https://wiadomosci.onet.pl/tylko-w-onecie/kulisy-awantury-o-mig-i-w-palacu-prezydenckim-trwa-wojna-podjazdowa/vnjzzw5,Nie podano
"Ta wycieczka podbija serca podróżników. Bajeczne widoki, krótki lot",https://businessinsider.com.pl/lifestyle/podroze/cztery-topowe-europejskie-wycieczki-na-2026-rok-bliskie-loty-i-atrakcyjne-ceny/95f4xjt,https://img.onet.pl/1/OVLk9lBaHR0cHM6Ly9vY2RuLmV1L3B1bHNjbXMvTURBXy9kZDllZjEwMzAwMmQzYjQ2ZGUzY2I5NWE1MmU5OWNjYi5qcGeSlQMCzMzNB3zNBDSTBc0CWM0BUN4AAqEwB6ExBA
Luksusowy wypoczynek w Karkonoszach. Obłędne widoki z każdego okna. Specjalne ceny,https://businessinsider.com.pl/lifestyle/podroze/luksusowy-wypoczynek-w-karkonoszach-obledne-widoki-z-kazdego-okna-specjalne-ceny/sxd0847,https://img.onet.pl/1/NKgk9lBaHR0cHM6Ly9vY2RuLmV1L3B1bHNjbXMvTURBXy83ZDRiYjFlYWQ2MjRmYjRkMzMzYWYyNTRkZjAyNmIyZi5qcGeSlQMAAM0DV80B4JMFzQJYzQFQ3gACoTAHoTEE
"Egzotyczna podróż życia, której nie zapomnisz. Pachnie przyprawami",https://businessinsider.com.pl/lifestyle/podroze/marzysz-o-egzotyce-wybierz-indie-z-relaksem-na-goa-o-tych-wycieczkach-trudno-bedzie/1lfz6ml,https://img.onet.pl/1/xLIk9lBaHR0cHM6Ly9vY2RuLmV1L3B1bHNjbXMvTURBXy8zYzJhYjZhMzJjMGQyNmFlM2IzZjM4YWI1ZTM4NWM0Zi5qcGeSlQMycs0CNM0BPZMFzQJYzQFQ3gACoTAHoTEE
Szokujące sceny w poznańskim tramwaju. Agresorzy atakują parę z Ukrainy,https://www.onet.pl/autorzy/fakt/karolina-piechota,https://img.onet.pl/1/h-nk9lGaHR0cHM6Ly9vY2RuLmV1L3B1bHNjbXMvTURBXy9lZDlmNzQxOC1hZmY5LTQ5N2ItYTQ2OC00OTEzNzkwY2ExNWUuanBlZ5GTBcyQzJDeAAKhMAehMQQ
Teść kontra zięć. Językoznawczyni: to walka o władzę,"https://www.onet.pl/styl-zycia/miedzy-zdaniami/miedzy-zdaniamior-konflikt-tescia-z-zieciem-to-tak-naprawde-walka-o-wladze/w7k1dwj,0666d3f1",https://img.onet.pl/1/oVYk9lBaHR0cHM6Ly9vY2RuLmV1L3B1bHNjbXMvTURBXy85NGIwOGJmYWYzMjQ2MWRjYmY5OTRkZjRjMDk4MWUxYS5wbmeSlQMEAM0GOM0DgJMFzQJYzQFQ3gACoTAHoTEE
"My podajemy trzy słowa, Ty zgadujesz lekturę. Komplet dla najlepszych",https://kultura.onet.pl/wiadomosci/rozpoznasz-lekture-po-trzech-slowach-przy-7-pytaniu-pomysl-dluzej/lxmwf7m,https://img.onet.pl/1/WElk9lBaHR0cHM6Ly9vY2RuLmV1L3B1bHNjbXMvTURBXy84YTYyZmUwYWE2YWEwNTI1NjI1YTZjZWY3NDZiMGY2ZC5wbmeSlQMAAM0HgM0EOJMFzQJYzQFQ3gACoTAHoTEE
Zasiłek dla bezrobotnych Kto dostanie nawet 2 000 zł?,https://businessinsider.com.pl/praca/zasilek-dla-bezrobotnych-2026-ile-wynosi-i-kto-dostanie-345-zl-wiecej/zf1rs2d,https://img.onet.pl/1/0gzk9lCaHR0cHM6Ly9vY2RuLmV1L3B1bHNjbXMvTURBXy83ZWZkN2U3ODMyYmY5YWUzMDMyNzk2NDY4NzA4ZTEyYS5qcGVnkpUDAB7NA-jNAjKTBc0CWM0BUN4AAqEwB6ExBA
"AI policzyło, ile będzie kosztować budowa domu w 2035 r. Szokujące","https://www.onet.pl/styl-zycia/kbpl-2/ai-policzylo-ile-bedzie-kosztowac-budowa-domu-w-2035-r-szokujace/mmehfdg,0666d3f1",https://img.onet.pl/1/XXBk9lCaHR0cHM6Ly9vY2RuLmV1L3B1bHNjbXMvTURBXy9jMWZjM2Y1YzlhNGI2ZTVjMDM1ZDkxOTFhYWMwYWE1Yi5qcGVnkpUDAEHNCDTNBJ2TBc0CWM0BUN4AAqEwB6ExBA
Przełom w sprawie butelek zwrotnych. Będę duże zmiany,"https://www.onet.pl/biznes/ecoekonomia/przelom-w-sprawie-butelek-zwrotnych-bedzie-nowelizacja-ustawy-kaucyjnej/btpe9m0,30bc1058",https://img.onet.pl/1/xWkk9lCaHR0cHM6Ly9vY2RuLmV1L3B1bHNjbXMvTURBXy8zOTQ4MjRkNjNmMWRhOTU3MmU2ZGZhZTkzZjcxOWUxYy5qcGVnkpUDACrNBUbNAveTBc0CWM0BUN4AAqEwB6ExBA
Żyje tylko 12 świadków ataku. Mają ponad 100 lat,https://businessinsider.com.pl/wiadomosci/pearl-harbor-84-lata-pozniej-dlaczego-w-2025-roku-nikt-nie-przyjechal-na-uroczystosci/3zmx5yk,https://img.onet.pl/1/Cw6k9lBaHR0cHM6Ly9vY2RuLmV1L3B1bHNjbXMvTURBXy8xODJmMzExZmQyNjY2ZGEzMDMzMDg0NmM0ZGVjMWFlOC5qcGeSlQMAzQHEzQfQzQRlkwXNAljNAVDeAAKhMAehMQQ
Kawa i zdrowie. Badania wrocławskich naukowców zaskakują,"https://www.onet.pl/styl-zycia/fajne-gotowanie-2/kawa-a-rak-najnowsze-badania-z-wroclawia-zaskoczyly-nawet-naukowcow/hj9hjy1,0666d3f1",https://img.onet.pl/1/cE_k9lBaHR0cHM6Ly9vY2RuLmV1L3B1bHNjbXMvTURBXy9kZDBlNjNmYTQyYmIwYmU0MTQzMzBiZTU1NTFlMDVlMC5qcGeSlQMAQc0INM0EnZMFzQJYzQFQ3gACoTAHoTEE
"Pożegnanie Lindy. ""Zasłużyłem na emeryturę. Wystarczy mnie już w kinie""","https://www.onet.pl/film/onetfilm/zamach-na-papieza-na-netflix-pasikowski-i-linda-po-raz-ostatni-ciezkostrawny/z3ff6h5,681c1dfa",https://img.onet.pl/1/s5ek9lBaHR0cHM6Ly9vY2RuLmV1L3B1bHNjbXMvTURBXy8zZDQyMzk2ZTY0MDk4ZTc4Njc4MmY5YzI3YzczZjk4NC5qcGeRkwXNAljNAVDeAAKhMAehMQQ
KOMENTARZ Wydało się! Dlatego Robert Lewandowski nie zagrał. Zakulisowa gra,https://przegladsportowy.onet.pl/pilka-nozna/laliga/wydalo-sie-dlatego-robert-lewandowski-nie-zagral-zakulisowa-gra/5wwmzpp,https://img.onet.pl/1/dv1k9lBaHR0cHM6Ly9vY2RuLmV1L3B1bHNjbXMvTURBXy9kOTYyOWYzMjJkNjQwYTViNjkwNzgzZjljNWE4YWRmNy5qcGeSlQPNAohMzQgjzQSSkwXMvnbeAAKhMAehMQQ
"Wielki debiut Polaka w UFC, triumf, a potem zwrot! Porażające wieści",https://przegladsportowy.onet.pl/mma/wielki-debiut-polaka-w-ufc-triumf-a-potem-zwrot-porazajace-wiesci/bdk44l0,Nie podano
Tomasiak potrafił schować dumę do kieszeni,"https://www.onet.pl/sport/przeglad-sportowy/kacper-tomasiak-rzadzil-na-skoczni-juz-jako-dzieciak-ale-potrafil-schowac-dume-do/cp9yn6k,5e4c2379",Nie podano
Katarzyna Skowrońska wyszła za mąż?!,https://przegladsportowy.onet.pl/ofsajd/katarzyna-skowronska-wyszla-za-maz-wpis-bylej-siatkarki-wywolal-poruszenie/z3fmb11,Nie podano
PZPN ogłasza! Polacy mistrzami świata,https://przegladsportowy.onet.pl/esportmania/fifa/pzpn-oglasza-polacy-mistrzami-swiata-zobacz-co-stalo-sie-po-finale/t7lf4kl,Nie podano
Polacy skaczą w Klingenthal! O której skoki?,https://przegladsportowy.onet.pl/sporty-zimowe/skoki-narciarskie/polacy-skacza-w-klingenthal-o-ktorej-skoki-gdzie-ogladac/7y7mb0b,Nie podano
Niesamowita reakcja na chaos w Częstochowie,https://przegladsportowy.onet.pl/pilka-nozna/ekstraklasa/oto-najwiekszy-wygrany-zamieszania-wokol-marka-papszuna/pt0y9tn,Nie podano
Wisła Kraków celuje w transferowy hit,https://przegladsportowy.onet.pl/pilka-nozna/1-liga/wisla-krakow-celuje-w-transferowy-hit-jest-tylko-jeden-problem/4q4p2r4,Nie podano
Oto co Krychowiak myśli o Rosjanach,https://przegladsportowy.onet.pl/pilka-nozna/oto-co-grzegorz-krychowiak-naprawde-mysli-o-rosjanach-mowi-jasno/t7zyz6t,Nie podano
Legia Warszawa - Piast Gliwice. Gdzie oglądać?,https://przegladsportowy.onet.pl/pilka-nozna/ekstraklasa/legia-warszawa-piast-gliwice-na-zywo-gdzie-ogladac-o-ktorej-mecz/js9rwle,Nie podano
Tak w Barcelonie potraktowali Xabiego Alonso,https://przegladsportowy.onet.pl/pilka-nozna/laliga/tak-w-barcelonie-potraktowali-xabiego-alonso-na-oczach-40-tys-ludzi/jldxnms,Nie podano
Gdzie obejrzeć Motor Lublin - Jagiellonia Białystok?,https://przegladsportowy.onet.pl/pilka-nozna/ekstraklasa/gdzie-obejrzec-motor-lublin-jagiellonia-bialystok-o-ktorej-mecz-transmisja/d27jfzk,Nie podano
Nagranie z dziećmi Szczęsnych robi furorę,https://przegladsportowy.onet.pl/ofsajd/nagranie-z-dziecmi-szczesnych-robi-furore-internauci-zwrocili-uwage-na-jedno/6vf9rqr,Nie podano
Polski klub żenująco potraktował legendę,https://przegladsportowy.onet.pl/zuzel/ekstraliga/jest-legenda-torunia-sposob-w-jaki-go-pozegnano-to-wstyd/ykw8d11,Nie podano
Raków - Zagłębie Lubin. O której mecz?,https://przegladsportowy.onet.pl/pilka-nozna/ekstraklasa/rakow-czestochowa-zaglebie-lubin-o-ktorej-dzisiaj-mecz-wynik-na-zywo/j5rlm04,Nie podano
Eric Garcia: to bardzo ważne zwycięstwo,"https://www.onet.pl/sport/fcbarca/eric-garcia-kiedy-sprawy-sie-komplikuja-pilka-do-pedriego-i-on-wszystko-rozwiaze/ejcngsy,30bc1058",Nie podano
Otwarcie obwodnicy i szokująca walka o mikrofon polityków PiS: jestem zażenowany,"https://player.pl/programy-online,2/fakty-odcinki,37703/odcinek-10207,S45E10207,12899485?ref=faktystarciepis",https://img.onet.pl/1/L9Vk9lBaHR0cHM6Ly9vY2RuLmV1L3B1bHNjbXMvTURBXy9iZDhiYmQ4ZmY4MGEwNGIzYTk3NTllOWM5MjNmMTgwNi5wbmeRkwXNAljNAVDeAAKhMAehMQQ
Proboszcz w areszcie. Kluczowe dowody seksualnych przestępstw znaleziono w jego telefonie,"https://player.pl/programy-online,2/fakty-odcinki,37703/odcinek-10207,S45E10207,12899485?ref=faktyksiadz",https://img.onet.pl/1/2o9k9lBaHR0cHM6Ly9vY2RuLmV1L3B1bHNjbXMvTURBXy82NGY2ZTQ3OThmZjEzNTVlN2QwMGQ5OGIxZDU5ZmRmMi5wbmeRkwXNAljNAVDeAAKhMAehMQQ
"Chamskie zachowanie o. Rydzyka. W tle 220 milionów złotych. ""I pan jest Polakiem?""","https://player.pl/programy-online,2/fakty-odcinki,37703/odcinek-10205,S45E10205,12899483?ref=rydzyk",https://img.onet.pl/1/Vi5k9lBaHR0cHM6Ly9vY2RuLmV1L3B1bHNjbXMvTURBXy8zNzQ3MWQ1YTBjMzQ0NGMyYTdjMDZjMzkyYTJkNjVlOC5wbmeRkwXNAljNAVDeAAKhMAehMQQ
Biznesmen żądał zwrotu prawa jazdy. Wątpliwości w sprawie wyroku,"https://www.onet.pl/motoryzacja/brd24pl/biznesmen-zadal-od-policji-zwrotu-prawa-jazdy-nie-oddala/p3rf498,30bc1058",https://img.onet.pl/1/tbUk9lGaHR0cHM6Ly9vY2RuLmV1L3B1bHNjbXMvTURBXy9lZmQ5MDE2OS1kZDMyLTQ4MDItYTdlMC1jMTgwYjc1MzUzNWMuanBlZ5OVA0gAzQRazQJ0kwXNBNjNAjSVB9kyL3B1bHNjbXMvTURBXy8yNzRjMWQ2NDY3MDgyYzNlNmRmZTlkMDlmNGE2ZGY2Yi5wbmcAwgDeAAKhMAehMQQ
Nikt przed świętami nie powinien usłyszeć: musicie poradzić sobie sami,https://kobieta.onet.pl/rodzina/nikt-przed-swietami-nie-powinien-uslyszec-musicie-poradzic-sobie-sami/z0rkd9l,https://img.onet.pl/1/piCk9lBaHR0cHM6Ly9vY2RuLmV1L3B1bHNjbXMvTURBXy9hYmY5N2U0M2FkNDk1YjU5OGY3OTY0MjdmNjkwYThjNi5wbmeSlQPNAhA1zQHazQELkwXNAljNAVDeAAKhMAehMQQ
Film z otwarcia Lidla hitem sieci. Kolejka ciągnęła się przez cały parking,"https://www.onet.pl/styl-zycia/ofeminin/dantejskie-sceny-na-otwarciu-lidla-wyrywali-sobie-towar-podkradali-wozki-wideo/eqze2st,7765eaf2",https://img.onet.pl/1/0mBk9lBaHR0cHM6Ly9vY2RuLmV1L3B1bHNjbXMvTURBXy8zOWM4ODQwZTk4YzJiZGYzOTk5NGZiMGFmMDgwZTI2Zi5wbmeSlQMAAM0HgM0EOJMFzQJYzQFQ3gACoTAHoTEE
"Rodowicz żegna nieodżałowaną Umer. ""Była naprawdę wyjątkowa""","https://www.onet.pl/styl-zycia/plejada/magda-umer-nie-zyje-maryla-rodowicz-zegna-artystke-byla-naprawde-wyjatkowa/hc6fpc5,0898b825",https://img.onet.pl/1/Qqwk9lBaHR0cHM6Ly9vY2RuLmV1L3B1bHNjbXMvTURBXy82NTkwZGE4ZmIzYjQwZWI2MmJmNDEyZDgxODZjMzM2NS5qcGeSlQMAAM0GaM0DmpMFzQJYzQFQ3gACoTAHoTEE
Strażak salutuje Niepokalanej. Zobacz poruszające nagranie,"https://www.onet.pl/informacje/stacja7/strazak-daje-kwiaty-i-salutuje-niepokalanej-zobacz-poruszajace-nagranie/cjbjhrm,30bc1058",https://img.onet.pl/1/uWQk9lBaHR0cHM6Ly9vY2RuLmV1L3B1bHNjbXMvTURBXy9lOTFjYzU3YmZlMzk1Mzg4Y2EyMDgzNjNiYjgzM2NjNC5qcGeSlQMAzP3NCaDNBWqTBc0CWM0BUN4AAqEwB6ExBA
"""FT"": zaskakująca decyzja Pekinu. Chodzi o chipy Nvidii",https://businessinsider.com.pl/gospodarka/ft-zaskakujaca-decyzja-pekinu-chodzi-o-chipy-nvidii/ev233vf,https://img.onet.pl/1/SJvk9lBaHR0cHM6Ly9vY2RuLmV1L3B1bHNjbXMvTURBXy85MTZhY2YzMWNlMDBhMDFlZmEzNjNmN2ExMDUwNjQ4Yy5qcGeSlQMAPs0H0M0EZZMFzQJYzQFQ3gACoTAHoTEE
"Odwiedziłam jarmark w Katowicach. ""Z roku na rok jest coraz lepiej""","https://www.onet.pl/turystyka/onetpodroze/ten-jarmark-bije-na-glowe-ten-w-krakowie-i-oslo-z-roku-na-rok-jest-coraz-lepiej/q63818m,07640b54",https://img.onet.pl/1/SXVk9lBaHR0cHM6Ly9vY2RuLmV1L3B1bHNjbXMvTURBXy8yNTc2OGZjOTY2ZWIwMGYwZWMwY2FjMzFiNjJhZDljOS5qcGeRkwXNAljNAVDeAAKhMAehMQQ
Złudne marzenia lewicy o opodatkowaniu bogaczy? Właściciela firmy wartej miliony irytują takie hasła ,"https://www.onet.pl/informacje/businessinsider/ma-firme-w-podatkowym-piekle-irytuje-go-podburzanie-przeciwko-bogatym/sy526vt,211f4564",https://img.onet.pl/1/almk9lBaHR0cHM6Ly9vY2RuLmV1L3B1bHNjbXMvTURBXy84NjA1NzcyNjg2NGFjOWZkYmYyY2NkOGZmNDdkODY2Yy5wbmeRkwXMvnbeAAKhMAehMQQ
Minimum 40 proc. zysku w skali roku. ETF-y na 2026 r. [PORTFELE],"https://www.onet.pl/biznes/businessinsider/minimum-40-proc-zysku-w-skali-roku-oto-etf-y-ktore-moga-to-zapewnic-w-2026-r/enmw0tc,211f4564",Nie podano
Rekord wet Karola Nawrockiego. Polacy zareagowali [SONDAŻ],https://businessinsider.com.pl/wiadomosci/rekordowa-liczba-wet-prezydenta-karol-nawrocki-pobil-rekord/5pdw3m8,Nie podano
Sondaże kłamią? Tak rząd Tuska realizuje umowę,https://businessinsider.com.pl/prawo/sondaze-klamia-tak-rzad-donalda-tuska-realizuje-umowe-koalicyjna/jxdwcye,Nie podano
"Jarmark, którego nie było. Wyprawa na najwyższą świąteczną atrakcję w UE ",https://businessinsider.com.pl/lifestyle/varso-tower-w-warszawie-bez-tlumow-jarmark-zamienil-sie-w-instalacje/9ewscem,Nie podano
Dlaczego Polacy wybierają mikrokawalerki,https://businessinsider.com.pl/nieruchomosci/mikromieszkania-zdobywaja-rynek-eksperci-rozwiewaja-popularne-mity/sgddypr,Nie podano
Opóźnienia w Czystym powietrzu,https://businessinsider.com.pl/gospodarka/fundusze/czyste-powietrze-i-opoznienia-nfosigw-kazdy-biznes-wiaze-sie-z-ryzykiem/sjf90vn,Nie podano
Nowa technologia recyklingu od H&M,https://businessinsider.com.pl/wideo/handm-testuje-przelomowy-recykling-odziezy-czy-to-wystarczy-na-kryzys/b8qegpd,Nie podano
UE o warunkach pokoju w Ukrainie,https://businessinsider.com.pl/polityka/szefowa-dyplomacji-ue-rosja-musi-ograniczyc-armie-i-wydatki-wojskowe/mp489km,Nie podano
Depopulacja a boom mieszkaniowy w Polsce,https://businessinsider.com.pl/nieruchomosci/polska-dzieli-sie-na-dwa-swiaty-metropolie-rosna-powiaty-pustoszeja/49gn60l,Nie podano
"Friz o tym, jak stać się znanym youtuberem",https://businessinsider.com.pl/gospodarka/bez-tego-sie-nie-uda-friz-mowi-nam-jak-stac-sie-znanym-youtuberem/nr5xrpl,Nie podano
Działka pod CPK. Jest ostateczny finał głośnej sprawy,https://businessinsider.com.pl/gospodarka/kowr-odkupil-dzialke-pod-cpk-teren-wraca-w-rece-panstwa/jjxer6y,Nie podano
Miliard w 17 dni. Rekord kinowy za nami,https://businessinsider.com.pl/technologie/zootopia-2-najszybciej-zdobywa-miliard-sukces-takze-w-chinach/7ldgyvp,Nie podano
CEO YouTube ogranicza dostęp swoim dzieciom,https://businessinsider.com.pl/technologie/nowe-technologie/jest-szefem-youtubea-ogranicza-dostep-do-platformy-swoim-dzieciom/8ekb1tn,Nie podano
Bateria tego smartfona wytrzyma nawet 22 godziny oglądania wideo bez przerwy! Kosztuje niedużo,"https://www.onet.pl/styl-zycia/onetfacet/bateria-tego-smartfona-wytrzyma-nawet-22-godziny-ogladania-wideo-bez-przerwy-kosztuje/m82hp9n,86cd1308",https://img.onet.pl/1/DKKk9lBaHR0cHM6Ly9vY2RuLmV1L3B1bHNjbXMvTURBXy9lMDk1Mzc3NDgxYmMyNjRjYzZjOTBlYjBkZGM5M2U5MS5qcGeRkwXNAljNAVDeAAKhMAehMQQ
Lato 2026 sprzedaje się błyskawicznie – kierunek nr 2 to prawdziwy klejnot w ofercie,https://businessinsider.com.pl/lifestyle/podroze/lato-2026-turcja-grecja-hiszpania-i-cypr-bija-rekordy-popularnosci/hfszewn,https://img.onet.pl/1/3J3k9lBaHR0cHM6Ly9vY2RuLmV1L3B1bHNjbXMvTURBXy8wOGJhODRjMjIxOGU5ZjJlY2JhOTQxZmY0MTZjMzNjZC5qcGeSlQMAzO7NDyTNCISTBc0CWM0BUN4AAqEwB6ExBA
Zwieger wyprzedaje solidne akcesoria kuchenne! Garnki ze stali z dużą zniżką,https://lamoda.pl/trendy/promocje-i-wyprzedaze/zwieger-wyprzedaje-solidne-akcesoria-kuchenne-garnki-ze-stali-nierdzewnej-z-duza/clp1564,https://img.onet.pl/1/Wy4k9lGaHR0cHM6Ly9vY2RuLmV1L3B1bHNjbXMvTURBXy84YzQ4NGE4OC01YTMwLTQ1NWYtYWU1Yi04ODQ3MTA0YmI2YzAuanBlZ5GTBc0CWM0BUN4AAqEwB6ExBA
Rewolucja na Maderze. Turyści muszą zarezerwować wejścia na szlak,https://www.fly4free.pl/madera-rezerwacja-szlakow/,https://img.onet.pl/1/0Dxk9lGaHR0cHM6Ly9vY2RuLmV1L3B1bHNjbXMvTURBXy83MGFmMDZjMi1jOGE2LTQ0YzgtYTE4MS0zZWY0YjUwOThmMTkuanBlZ5OVAwDNAcDNCgDNBaCTBc0E2M0CNJUH2TIvcHVsc2Ntcy9NREFfLzI3NGMxZDY0NjcwODJjM2U2ZGZlOWQwOWY0YTZkZjZiLnBuZwDCAN4AAqEwB6ExBA
Stała zielona strzałka może zmylić polskich kierowców. Działa inaczej,https://www.auto-swiat.pl/wiadomosci/aktualnosci/stala-zielona-strzalka-w-niemczech-moze-zmylic-polskich-kierowcow-jak-dziala/5e3jgz4,https://img.onet.pl/1/X-yk9lBaHR0cHM6Ly9vY2RuLmV1L3B1bHNjbXMvTURBXy82NTY0OTA0OGRiYjFiZTFkZmVmNDM1M2U0MDRhNzVmNC5qcGeSlQMAzQNazSBAzRIlkwXNAljNAVDeAAKhMAehMQQ
Czy można wyciąć choinkę na święta z własnej posesji?,"https://www.onet.pl/styl-zycia/kbpl-2/chcesz-wyciac-choinke-na-swieta-z-wlasnej-posesji-zobacz-czy-mozesz-to-zrobic/pgdljfr,0666d3f1",https://img.onet.pl/1/a4Pk9lGaHR0cHM6Ly9vY2RuLmV1L3B1bHNjbXMvTURBXy82YmNiODM5My03MGY1LTRkYjYtYWUxMS04YWViYjZiODc3NmMuanBlZ5KVAwDMg80QoM0JWpMFzQJYzQFQ3gACoTAHoTEE
PRL na zdjęciach. Jak wiele kultowych postaci rozpoznasz?,https://wiadomosci.onet.pl/ciekawostki/prl-na-zdjeciach-jak-wiele-kultowych-postaci-rozpoznasz/fvgm56d,https://img.onet.pl/1/eSJk9lBaHR0cHM6Ly9vY2RuLmV1L3B1bHNjbXMvTURBXy9kNjkxZmQwMTBlYjJkZDc4YmM3MzY4MmIyZDJkYjM0ZS5wbmeSlQMAAM0HgM0EOJMFzQJYzQFQ3gACoTAHoTEE
"Kiedy brać magnez, by działał? Naukowcy wskazują kluczowy moment","https://www.medonet.pl/zdrowie/wiadomosci,kiedy-przyjmowac-magnez--od-tego-zalezy-skutecznosc-suplementu,artykul,39510368.html",https://img.onet.pl/1/Nk9k9lBaHR0cHM6Ly9vY2RuLmV1L3B1bHNjbXMvTURBXy8wM2FjM2QwZWU4NDIyNTY5ZTMzMDRmNzkyMjcyYTFmNS5qcGeSlQMAzMPNGGDNDbaTBc0CWM0BUN4AAqEwB6ExBA
Podłączyłem chińską kostkę do auta. Przeraziły mnie jej możliwości,"https://www.onet.pl/motoryzacja/autoswiat/kingbolen-ediag-elite-jest-imponujacy-ale-i-przerazajacy-to-nie-jest-sprzet-dla/9gqpfj7,2ce17997",https://img.onet.pl/1/T3Rk9lCaHR0cHM6Ly9vY2RuLmV1L3B1bHNjbXMvTURBXy83YmU0OWMxMjk4YjIxYWE5YTdlMjEzMjdmM2I5MzU0MC5qcGVnkpUDAM0BQc0WUM0MjZMFzQJYzQFQ3gACoTAHoTEE
Kanadyjczyk poszedł na jarmark w Polsce. To danie okazało się hitem,"https://www.onet.pl/turystyka/onetpodroze/kanadyjczyk-wybral-sie-na-jarmark-w-polsce-bylem-zaskoczony/y2blrnz,07640b54",https://img.onet.pl/1/9T6k9lBaHR0cHM6Ly9vY2RuLmV1L3B1bHNjbXMvTURBXy9jZTNiNWJhYTAwNGFjZThhZDM3OTljNGQzYTZjZTNmMi5qcGeSlQMAAM0EsM0Co5MFzQJYzQFQ3gACoTAHoTEE
"""Tsunami obietnic"" Orbana i rosnący deficyt budżetowy","https://www.onet.pl/informacje/deutsche-welle/miedzy-marchewka-a-glodzeniem-wyborcze-prezenty-orbana/p7fmer2,0666d3f1",https://img.onet.pl/1/GX-k9lGaHR0cHM6Ly9vY2RuLmV1L3B1bHNjbXMvTURBXy8yMjg0MWQ1MS00MjE3LTQzZmQtODcyMC1mYjgxYTQwYmY3YWIuanBlZ5OVAwAAzQeAzQQ4kwXNBNjNAjSVB9kyL3B1bHNjbXMvTURBXy8yNzRjMWQ2NDY3MDgyYzNlNmRmZTlkMDlmNGE2ZGY2Yi5wbmcAwgDeAAKhMAehMQQ
"To najgorsza mąka na pierogi. Nie ma szans, żeby ciasto się udało","https://www.onet.pl/styl-zycia/ofeminin/to-najlepsza-maka-na-pierogi-ciasto-bedzie-delikatne-jak-aksamit/j9pryyx,7765eaf2",https://img.onet.pl/1/jJok9lBaHR0cHM6Ly9vY2RuLmV1L3B1bHNjbXMvTURBXy9hZTFiZmJlYzY1MzBiMDhjY2VkY2I3NzdiZDEzZjM0ZS5qcGeSlQMAzIXNELDNCWOTBc0CWM0BUN4AAqEwB6ExBA
Trudny test z mapy Polski. Nawet ekspert będzie miał problem z 15/15,https://podroze.onet.pl/ciekawe/piekielna-kartkowka-z-mapy-polski-nawet-ekspert-bedzie-mial-problem-z-1515/rzyl17y,https://img.onet.pl/1/RxNk9lBaHR0cHM6Ly9vY2RuLmV1L3B1bHNjbXMvTURBXy9lZTNkMTgwMjU0MTY4NGI0ZTkxNWMzZGMyNzE1OTUyZS5qcGeSlQMAPM0HgM0EOJMFzQJYzQFQ3gACoTAHoTEE
"Awantura w Pendolino do Krakowa. ""Groziła, że wezwie policję""","https://www.onet.pl/turystyka/onetpodroze/awantura-w-pendolino-do-krakowa-pasazerka-nie-wytrzymala-znam-swoje-prawa/0wh6yh4,07640b54",https://img.onet.pl/1/mUok9lBaHR0cHM6Ly9vY2RuLmV1L3B1bHNjbXMvTURBXy80MWU4ODYyMDk0N2E0NzRjMzU4ZmMxNDQ2ZGNjYzRmYi5qcGeSlQMAzILNDJ7NBx6TBc0CWM0BUN4AAqEwB6ExBA
Pięć kangurków rudych w warszawskim zoo,"https://www.onet.pl/informacje/miejski-reporter/kangurzy-baby-boom-w-warszawie-zoo-potwierdza-narodziny-az-pieciu-mlodych/1pc8bsp,0666d3f1",https://img.onet.pl/1/w5mk9lCaHR0cHM6Ly9vY2RuLmV1L3B1bHNjbXMvTURBXy8wMmEzMjFjZWUyMmJhYzZmMTNlMjAyMjcwNjZlMDliNy5qcGVnkpUDAMzszQMzzQHNkwXMvnbeAAKhMAehMQQ
Na Mazowszu zawyją syreny. To element ćwiczeń,https://wiadomosci.onet.pl/warszawa/na-mazowszu-zawyja-syreny-alarmowe-to-w-ramach-cwiczen-syrena-25/gmjwegw,Nie podano
Czołowe zderzenie dwóch aut. Dwie osoby ranne. Droga zablokowana,"https://www.onet.pl/informacje/miejski-reporter/czolowe-zderzenie-dwoch-aut-dwie-osoby-ranne-droga-zablokowana/wqlkhge,0666d3f1",Nie podano
Groźny incydent na komisariacie policji,https://wiadomosci.onet.pl/warszawa/pionki-grozny-incydent-na-komisariacie-policji-niekontrolowany-wystrzal/xe95z90,Nie podano
"Tysiące seniorów ""więźniami"" własnych mieszkań","https://www.onet.pl/informacje/tu-stolica/tysiace-seniorow-uwiezionych-we-wlasnych-domach-absurd-ktory-trwa-od-lat/xhm1t01,30bc1058",Nie podano
Niemiecki przedsiębiorca swoim wpisom zatrząsł opinią publiczną,"https://www.onet.pl/informacje/businessinsider/niemiecki-przedsiebiorca-mowi-ze-system-tego-kraju-sie-wali-puscily-mi-nerwy/99113wx,211f4564",https://img.onet.pl/1/fEfk9lBaHR0cHM6Ly9vY2RuLmV1L3B1bHNjbXMvTURBXy9kYThjMDFmNTVkNWRkYjlmZjFjZWI2YTc4ZmM4ODk3Ni5qcGeTlQMAbM0NrM0HsJMFzQTYzQI0lQfZMi9wdWxzY21zL01EQV8vMjc0YzFkNjQ2NzA4MmMzZTZkZmU5ZDA5ZjRhNmRmNmIucG5nAMIA3gACoTAHoTEE
"Wyjechali do pracy ""na tulipany"". Znamy holenderskie emerytury Polaków","https://www.onet.pl/informacje/businessinsider/wyjechali-do-pracy-na-tulipany-znamy-holenderskie-emerytury-polakow-kwoty/9j2es8r,211f4564",https://img.onet.pl/1/HrVk9lGaHR0cHM6Ly9vY2RuLmV1L3B1bHNjbXMvTURBXy82ZDE4ZDM5OC1kMjVjLTQ5NGItYjFhYy00ZjUzNTNjZmQyM2MuanBlZ5GTBc0CWM0BUN4AAqEwB6ExBA
"Żony nie wiedziały, że są gejami. Staruszek zatrzymywał ich łóżku na zawsze","https://www.onet.pl/informacje/ppo2/sw-mikolaj-z-centrum-handlowego-okazal-sie-seryjnym-morderca/h6670wg,30bc1058",https://img.onet.pl/1/q3Pk9lBaHR0cHM6Ly9vY2RuLmV1L3B1bHNjbXMvTURBXy9lODE2NTFmMGMzODUxNWNhYWMzOGJlM2I3MTQ0Y2E3Ni5qcGeSlQMAAM0EsM0Co5MFzQJYzQFQ3gACoTAHoTEE
"Chiński SUV błyszczał, gdy zbliżałem się z miernikiem. Przestał","https://www.onet.pl/motoryzacja/autoswiat/prawda-o-chinskich-autach-ogladalem-w-komisie-suv-a-premium-po-subskrypcji/5yglntm,2ce17997",https://img.onet.pl/1/btfk9lBaHR0cHM6Ly9vY2RuLmV1L3B1bHNjbXMvTURBXy9hMGZkOGNkMmU2MmQ3NzVjMWY2Mzk1MDMyN2ZkNmJjNC5wbmeSlQMAYs0G5s0D4ZMFzQGUzQFQ3gACoTAHoTEE
Ocalił chore dzieci na Alasce. Balto nie był zwykłym husky,"https://www.onet.pl/turystyka/national-geographic-polska/przebadano-genom-psa-ktory-ocalil-chore-dzieci-na-alasce-balto-nie-byl-zwyklym-husky/y9t5v6y,30bc1058",https://img.onet.pl/1/UnIk9lGaHR0cHM6Ly9vY2RuLmV1L3B1bHNjbXMvTURBXy8zZDNiYjNiMy1kNjJkLTQxYTItOGNiNS0zMzE5ZTdjZmIzNjcuanBlZ5GTBc0CWM0BUN4AAqEwB6ExBA
"Tonie lotnisko, które zbudowano na sztucznych wyspach","https://www.onet.pl/turystyka/dalekowswiatpl/lotnisko-kansai-w-osace-tonie-w-nieprzewidywalnie-szybkim-tempie/pp8v28l,30bc1058",https://img.onet.pl/1/RmLk9lBaHR0cHM6Ly9vY2RuLmV1L3B1bHNjbXMvTURBXy81MDgyYzJkZjI5YmM0ZTY2Yjk1NDEyNjg3NDFmYjJmNC5qcGeSlQPNAdbNAcjND43NCMKTBc0CWM0BUN4AAqEwB6ExBA
Zasada trzech pensji? Oto ile pieniędzy warto mieć na koncie,"https://www.onet.pl/biznes/businessinsider/ile-pieniedzy-warto-trzymac-na-koncie-zasada-trzech-pensji-nie-zawsze-dziala/570k6zq,211f4564",https://img.onet.pl/1/R9lk9lBaHR0cHM6Ly9vY2RuLmV1L3B1bHNjbXMvTURBXy8wZjVlYWRmZjc3ZjNhOTc2Mzc4NjUxYWMyODE5MDQzNS5qcGeSlQMADM0L_c0GwJMFzQJYzQFQ3gACoTAHoTEE
"Szedł ulicą, gdy poczuł ukłucie parasolem w pośladek. Wypadła z niego igła","https://www.onet.pl/informacje/sprawykryminalne/zbrodnia-jak-z-powiesci-morderca-z-parasolem-wciaz-nieuchwytny/gxk9jck,30bc1058",https://img.onet.pl/1/_ESk9lGaHR0cHM6Ly9vY2RuLmV1L3B1bHNjbXMvTURBXy9hZTFhNTg0Ny1lNjM4LTQ1ZGQtOWRlMi01OGFmMmU0YTMwNTYuanBlZ5KVAwAGzQYfzQNykwXNAljNAVDeAAKhMAehMQQ
"Bracia od lat uporczywie nękają swoich sąsiadów. Są psychologami, leczą poprzez MMA","https://player.pl/programy-online,2/uwaga-odcinki,40778/odcinek-7883,S45E7883,12907777?ref=braciapsychologowie",https://img.onet.pl/1/bcUk9lGaHR0cHM6Ly9vY2RuLmV1L3B1bHNjbXMvTURBXy9hYTYzNDFmZC03ZGE5LTRlYWUtOTc4Yi03YzUwYTc2ZDEzOTYuanBlZ5KTBc0E2M0CNJUH2TIvcHVsc2Ntcy9NREFfLzI3NGMxZDY0NjcwODJjM2U2ZGZlOWQwOWY0YTZkZjZiLnBuZwDCAN4AAqEwB6ExBA
"Jak Iga Świątek spędzi święta? Wskazała, co na pewno zje: będę prawdziwą Polką","https://player.pl/programy-online,2/dzien-dobry-tvn-odcinki,1052975/odcinek-2220,S86E2220,12876570?ref=swiateklego",https://img.onet.pl/1/qvik9lBaHR0cHM6Ly9vY2RuLmV1L3B1bHNjbXMvTURBXy8zZjAyMWFmY2VmZGM1MzUzZWRjOWM2NzU5ZmM3MGQ2ZS5wbmeRkwXNAljNAVDeAAKhMAehMQQ
"Zdradziła, kim są jej klienci: stateczni mężowie, ojcowie na spacerze z psem [WIDEO 18+]","https://player.pl/programy-online/seks---kup-teraz-odcinki,22656",https://img.onet.pl/1/_mUk9lBaHR0cHM6Ly9vY2RuLmV1L3B1bHNjbXMvTURBXy9mNzkwN2MwNGE2MDFlYjliZGJkYjFjN2FjNWYxZjc3MC5wbmeRkwXNAljNAVDeAAKhMAehMQQ
"Gessler wyrzucona za drzwi lokalu. Totalna wojna z właścicielką w ""Kuchennych rewolucjach""","https://player.pl/programy-online/kuchenne-rewolucje-odcinki,114/odcinek-7,S16E07,79302",https://img.onet.pl/1/UMik9lBaHR0cHM6Ly9vY2RuLmV1L3B1bHNjbXMvTURBXy9mYTZhZWU3MDY0ZGExMzlkOWMxZTMzZTYzOWEzZDAzZS5wbmeRkwXNAljNAVDeAAKhMAehMQQ
"Jak grzecznie wyprosić gości z domu? ""Etykieta i dobre maniery to jest taka gra""","https://player.pl/programy-online,2/dzien-dobry-tvn-odcinki,1052975/odcinek-2235,S86E2235,12914197?ref=jakwyprosicgosci",https://img.onet.pl/1/Pgak9lGaHR0cHM6Ly9vY2RuLmV1L3B1bHNjbXMvTURBXy9lNTYyYmFjYS1lZTY3LTQyZGUtYjFkMS02MWRkY2ZiOGFkYmIuanBlZ5GTBc0CWM0BUN4AAqEwB6ExBA
"Pascal Brodnicki zaprosił kamery do swojego domu. Nieziemskie, pełne klasy wnętrza [WIDEO]","https://player.pl/programy-online/gwiazdy-prywatnie-odcinki,6802/odcinek-6,S04E06,138821",https://img.onet.pl/1/R6Hk9lBaHR0cHM6Ly9vY2RuLmV1L3B1bHNjbXMvTURBXy84MDY4YmZjNWI5NzkyZGI4YTQzY2E1NjVmYTUwMTA0MC5wbmeRkwXNAljNAVDeAAKhMAehMQQ
Richard Gere z żoną młodszą o prawie 40 lat. Internauci nie mogą wyjść z podziwu,"https://player.pl/programy-online,2/dzien-dobry-tvn-odcinki,1052975/odcinek-2120,S85E2120,12802304",https://img.onet.pl/1/SoYk9lBaHR0cHM6Ly9vY2RuLmV1L3B1bHNjbXMvTURBXy8yNmMyNGI1OGFkODYxZjhlNmY2YzYzNWE4MDMyMGEyYS5qcGeSlQMAAM0Zt80OeZMFzQJYzQFQ3gACoTAHoTEE
Medialna demolka w Polsce bynajmniej się nie skończyła,"https://www.onet.pl/kultura/onetkultura/medialna-demolka-w-polsce-bynajmniej-sie-nie-skonczyla/pt4wkv8,681c1dfa",https://img.onet.pl/1/awTk9lBaHR0cHM6Ly9vY2RuLmV1L3B1bHNjbXMvTURBXy9jOTE4Yzc3YjZhNmE3YzA5NWVkMTJjMTJjOTE2M2NlZi5qcGeRkwXMvnbeAAKhMAehMQQ
Najlepsze papiery do pieczenia 2025,https://kobieta.onet.pl/dom/kuchnia/papier-do-pieczenia-ktore-produkty-wygrywaja-testy-jakosci/4kb4t9z,Nie podano
40 proc. romansów nawiązywanych jest w pracy,https://kobieta.onet.pl/zwiazek/praca-sprzyja-romansom-jest-niebezpieczna-bo-moze-za-bardzo-zblizac/p97sl0p,Nie podano
Eurowizja Junior 2025. Co działo się w Tbilisi?,https://kultura.onet.pl/muzyka/wiadomosci/eurowizja-junior-2025-francja-triumfuje-w-tbilisi-ktore-miejsce-zajela-polska-relacja/sjk3llv,Nie podano
"Jak mrozić ciasto na pierogi, by było pyszne","https://www.onet.pl/styl-zycia/fajne-gotowanie/chcesz-idealnych-pierogow-na-wigilie-zamroz-ciasto-ale-zrob-jedna-rzecz/4t4lj85,30bc1058",Nie podano
Przyczyny śmierci Magdy Umer. W lipcu usłyszała diagnozę,"https://www.onet.pl/styl-zycia/plejada/przyczyny-smierci-magdy-umer-w-lipcu-uslyszala-diagnoze/6wxfgxm,0898b825",Nie podano
Wsyp do rosołu łyżeczkę tych ziarenek,"https://www.onet.pl/styl-zycia/fajne-gotowanie/wsyp-do-rosolu-lyzeczke-tych-ziarenek-smak-cie-zaskoczy/wz0mtdh,30bc1058",Nie podano
Fraszyńska i Zieliński odwołali ślub,"https://www.onet.pl/styl-zycia/plejada/jolanta-fraszynska-i-tomasz-zielinski-odwolali-slub-poznali-sie-gdy-czekal-na/jnkb6ce,0898b825",Nie podano
Marianna Kłos zachwyciła na Eurowizji Junior!,"https://www.onet.pl/muzyka/onetmuzyka/eurowizja-junior-2025-marianna-klos-juz-po-wystepie-jak-zareagowala-publicznosc/z5wdr8p,681c1dfa",Nie podano
Polka na Eurowizji Junior była spektakularna,"https://www.onet.pl/muzyka/onetmuzyka/nic-sie-nie-stalo-ale-naprawde-polka-na-eurowizji-junior-byla-spektakularna/pdrsfc5,681c1dfa",Nie podano
Biblijne ciasto na stół wigilijny. Przepis z Pisma Świętego,"https://www.onet.pl/informacje/stacja7/biblijne-ciasto-na-stol-wigilijny-przepis-z-pisma-swietego/h18jcf1,30bc1058",https://img.onet.pl/1/VRwk9lGaHR0cHM6Ly9vY2RuLmV1L3B1bHNjbXMvTURBXy9lZjQwNzhkNS1jMjg4LTQwOTUtYTE2OS1jMTJlOGE2ZThiNjMuanBlZ5OVAwHM4c0HgM0EOZMFzQTYzQI0lQfZMi9wdWxzY21zL01EQV8vMjc0YzFkNjQ2NzA4MmMzZTZkZmU5ZDA5ZjRhNmRmNmIucG5nAMIA3gACoTAHoTEE
Sandra Kubicka w sieci zwróciła się do Barona. Wystarczyło kilka słów,"https://www.onet.pl/styl-zycia/plejada/sandra-kubicka-w-sieci-zwrocila-sie-do-barona-wystarczylo-kilka-slow/xygvf9z,0898b825",https://img.onet.pl/1/UdWk9lBaHR0cHM6Ly9vY2RuLmV1L3B1bHNjbXMvTURBXy8wMzM3OWM4ZjQwMmFlMDM2M2IzMWNlMWRjZTJmMTUwYy5qcGeSlQMAJc0EsM0Co5MFzQJYzQFQ3gACoTAHoTEE
"Żyje w rzymskim małżeństwie. ""Bywają momenty zwątpienia""","https://www.onet.pl/styl-zycia/plejada/otylia-jedrzejczak-od-dawna-zyje-w-rzymskim-malzenstwie-nie-jest-mi-potrzebne/nsxdp37,0898b825",https://img.onet.pl/1/tf4k9lBaHR0cHM6Ly9vY2RuLmV1L3B1bHNjbXMvTURBXy81OWY4ZjkwNzgzZmUyZDYwMjZjMWY2MThlZTdhYTRiYS5qcGeSlQMAzQEjzQU1zQLukwXNAljNAVDeAAKhMAehMQQ
Wielka kara dla operatora sieci Play. Zwróci pieniądze klientom,https://businessinsider.com.pl/finanse/handel/play-zwroci-pieniadze-klientom-decyzja-uokik-zwroci-pieniadze-klientom/mlyyx9g,https://img.onet.pl/1/zr0k9lBaHR0cHM6Ly9vY2RuLmV1L3B1bHNjbXMvTURBXy84YTQxMDY0ZGQ3MjYzOTgwOTExMTJhZDE1YmMzYmI2OC5qcGeSlQMAPs0H0M0EZZMFzQJYzQFQ3gACoTAHoTEE
To może być skok cywilizacyjny. Eksperci o zmianach w hipotekach,https://businessinsider.com.pl/poradnik-finansowy/kredyty/nizsze-raty-i-bezpieczniejszy-kredyt-nowa-modelowa-umowa-moze-zmienic-rynek-hipotek/ywlp1eq,https://img.onet.pl/1/JTbk9lBaHR0cHM6Ly9vY2RuLmV1L3B1bHNjbXMvTURBXy9mMDAzNGNjZTNkZDQxMWQyMzk2Mjk1YTI4ZjJkMmVlNC5wbmeSlQMAUs0J3s0FjpMFzQJYzQFQ3gACoTAHoTEE
Zachowaj gwiazdę na dłużej? Sekret zdrowej poinsecji,"https://www.onet.pl/styl-zycia/fajnyogrod/juz-niedlugo-zagosci-w-kazdym-domu-zobacz-jak-o-nia-dbac/nt3rz8d,30bc1058",https://img.onet.pl/1/msGk9lCaHR0cHM6Ly9vY2RuLmV1L3B1bHNjbXMvTURBXy8wZTAzNzdkNGY2Y2RlMjQ3YWJkMzI3ZGY4NmZjZWZhZS5qcGVnkpUDAMy0zRaAzQyokwXNAljNAVDeAAKhMAehMQQ
"Magia Bieszczadów i uczucie, które przychodzi nagle jak burza","https://www.onet.pl/styl-zycia/wydawnictwo-muza/magia-bieszczadow-i-uczucie-ktore-przychodzi-nagle-jak-burza-fragment-ksiazki/sqnlxzh,0666d3f1",https://img.onet.pl/1/K4zk9lBaHR0cHM6Ly9vY2RuLmV1L3B1bHNjbXMvTURBXy8zYmNlNTdjZWU3OGI0OTE1ZjA1YzI3N2M0ZmMzMmQxYS5qcGeSlQMAzJPNE0DNCtSTBc0CWM0BUN4AAqEwB6ExBA
Olsztyn uczcił Dzień Seniora,https://www.onet.pl/autorzy/ppo/olsztyncompl,https://img.onet.pl/1/Jtuk9lBaHR0cHM6Ly9vY2RuLmV1L3B1bHNjbXMvTURBXy9jYzlkMDAxMzM0OGZhYzVjZWNmNzg1MGMzNmRkMDc0Mi5qcGeSlQMaEM0CgM0CgJMFzJDMkN4AAqEwB6ExBA
"Mrozisz uszka? Sprawdź, po jakim czasie nie nadają się już do jedzenia",https://zywienie.medonet.pl/zdrowe-odzywianie/czy-zamrozone-uszka-ze-swiat-sa-jeszcze-jadalne-mrozonki-tez-sie-psuja/4ts41rg,https://img.onet.pl/1/y3tk9lBaHR0cHM6Ly9vY2RuLmV1L3B1bHNjbXMvTURBXy8wZTM0NTIxZDQ5NGUwYzc0N2Q3ZDI0N2NmZjhhMmMwNS5qcGeSlQMAAM0XcM0NL5MFzQJYzQFQ3gACoTAHoTEE
Intymność z algorytmem. Jak AI wpłynie na nasze przyszłe relacje?,"https://www.onet.pl/informacje/respublica/sztuczna-inteligencja-a-samotnosc-czy-ai-poglebia-izolacje-ludzi/p711ccf,30bc1058",https://img.onet.pl/1/5auk9lGaHR0cHM6Ly9vY2RuLmV1L3B1bHNjbXMvTURBXy9iOTk1ODFmYS01MDM1LTQ4MTYtODQ0Ni02YjUwNjc4NDY2YzQuanBlZ5KVAwAAzQRazQJ0kwXNAljNAVDeAAKhMAehMQQ
"Udaje cellulit, ale to choroba. Jak rozpoznać lipodermię?",https://kobieta.onet.pl/warto-wiedziec/udaje-cellulit-ale-to-choroba-jak-rozpoznac-lipodermie/ml7grnt,https://img.onet.pl/1/ndFk9lBaHR0cHM6Ly9vY2RuLmV1L3B1bHNjbXMvTURBXy9lMGVjMzkxZjRlZDM5YzRlOGVhZmQ4MTk3M2NjNzE2NS5qcGeSlQMAH80D6M0CMpMFzQJYzQFQ3gACoTAHoTEE
"Nowa przeglądarka od Google, Hogwarts Legacy za darmo i GPT 5.2: podsumowanie tygodnia",https://www.komputerswiat.pl/wideo/nowa-przegladarka-od-google-hogwarts-legacy-za-darmo-i-debiut-gpt-52-podsumowanie/3l50e81,https://img.onet.pl/1/Gy-k9lBaHR0cHM6Ly9vY2RuLmV1L3B1bHNjbXMvTURBXy9iYWU0YzcxOWVhZWM3MGJlODMzNDMwZGJiZjgzNDIzYy5qcGeRkwXMvnbeAAKhMAehMQQ
Wielka wyprzedaż Lego. Taniej nie znajdziesz,https://www.komputerswiat.pl/aktualnosci/wielka-wyprzedaz-lego-swietne-zestawy-w-rekordowo-niskiej-cenie/0d7zvgz,Nie podano
Oto najlepsze urządzenia i usługi tego roku,https://www.komputerswiat.pl/artykuly/redakcyjne/tech-awards-2025-oto-zwyciezcy-najwiekszego-plebiscytu-technologicznego-w-polsce/nnvgbc7,Nie podano
Oto najlepsze duże telewizory do kupienia w grudniu,https://www.komputerswiat.pl/poradniki/poradniki-zakupowe/jaki-telewizor-65-cali-kupic-i-ile-na-niego-wydac-najlepsze-tv-w-grudniu/4bnlt59,Nie podano
Terminal płonął trzy dni. Celny atak Ukrainy,https://www.komputerswiat.pl/aktualnosci/militaria/ukraincy-uderzyli-na-terenie-wroga-terminal-gazowy-plonal-trzy-dni/gj6svcl,Nie podano
Find X9 Pro.Test smartfona z gigantycznym akumulatorem,https://www.komputerswiat.pl/recenzje/sprzet/smartfony/pretestowalem-oppo-find-x9-gigantyczny-akumulator-i-ai-w-aparacie-zaskakuja/z1zm7bx,Nie podano
Chcesz się dobrze bawić? Poznaj te gry,https://www.komputerswiat.pl/gamezilla/artykuly/dispatch-arc-raiders-anno-117-pacific-drive-dk-bananza-czyli-gry-idealne/rvz61bx,Nie podano
Katastrofa An-22 w Rosji. Siedem ofiar,https://www.komputerswiat.pl/aktualnosci/militaria/katastrofa-samolotu-wojskowego-an-22-w-rosji-cala-zaloga-zginela-na-miejscu/bzcdlym,Nie podano
Absurdalny wypadek rosyjskiego Su-34. Katapulta zabiła załogę,https://www.komputerswiat.pl/aktualnosci/militaria/absurdalny-wypadek-rosyjskiego-su-34-katapulta-zabila-zaloge/t35b69c,Nie podano
Microsoft ulepszay Windows 11 dla graczy,https://www.komputerswiat.pl/aktualnosci/aplikacje/microsoft-zapowiada-rewolucje-w-grach-na-windows-11-znamy-plany-firmy/vbpp7d6,Nie podano
Pierwsze w pełni polskie zdjęcie satelitarne,https://www.komputerswiat.pl/aktualnosci/nauka-i-technika/pokazano-pierwsze-zdjecie-z-polskiej-konstelacji-satelitarnej-budzi-skrajne-reakcje/egcpkdc,Nie podano
Liderem sprzedaży w III kwartale 2025 był smartfon z zeszłego roku,https://www.komputerswiat.pl/aktualnosci/apple-wymiotlo-konkurencje-nowy-raport-sprzedazy-nie-pozostawia-zludzen/63g3frf,Nie podano
